{
    "vocab": [
        "paris",
        "londres",
        "madrid",
        "est",
        "une",
        "ville",
        "en",
        "france",
        "angleterre",
        "espagne",
        "beau",
        "grand",
        "monde",
        "le",
        "la",
        "pr\u00e9sident"
    ],
    "brain": {
        "hidden_size": 5,
        "W1": [
            [
                0.0350819860745992,
                0.14408514834191813,
                0.18537898192807212,
                0.6326298820785791,
                -0.21618160283730786
            ],
            [
                -0.05064495525897683,
                0.11460950018970018,
                0.3236670375563099,
                -0.1314654750758366,
                -0.2505134947390092
            ],
            [
                -0.2804170842135405,
                0.03568021430852819,
                -0.47889108875433795,
                0.38192330825824605,
                0.22525081838704608
            ],
            [
                -0.31537741777343936,
                0.9392091297242771,
                0.36685697960799823,
                0.9113217426940705,
                0.02283279327296996
            ],
            [
                -0.27928086685945186,
                0.3611827562379703,
                0.3101771167258233,
                0.9142851644320094,
                -0.2090374681121862
            ],
            [
                -0.172832570784089,
                0.5274245190619907,
                0.5988387549183157,
                0.9061246377835495,
                0.4248972157596046
            ],
            [
                -0.4862937078893169,
                0.23391063518867586,
                0.27145532377190773,
                0.11843918958646121,
                0.4407492512777529
            ],
            [
                -0.22193199351608284,
                -0.3136488273733812,
                -0.14146467841790455,
                0.11395187772671977,
                -0.19658224031382987
            ],
            [
                -0.16557636536671128,
                0.30310855565349726,
                0.22419280039497314,
                0.09391554309534866,
                -0.4232922578884216
            ],
            [
                0.31639436095540596,
                -0.16830019648848826,
                0.3952832657700215,
                0.10837209153888994,
                -0.23851970285566293
            ],
            [
                -0.2123466359163121,
                -0.0510494067654258,
                0.013196954007068884,
                -0.31568477180095766,
                -0.2852687919955468
            ],
            [
                -0.05806606711548379,
                -0.030347504119968782,
                0.4370365379683583,
                0.22070855152178082,
                0.39657470190648414
            ],
            [
                0.2802162483908205,
                -0.27084865998009555,
                0.42319104652676154,
                0.2687977896800686,
                0.4251887940916048
            ],
            [
                0.08489743942337635,
                0.36494613118623753,
                -0.3119598553443791,
                0.443795574019228,
                -0.11208532311422836
            ],
            [
                -0.09597894795300399,
                0.31280609743377186,
                -0.19205900534366516,
                -0.4147927986817632,
                -0.25965903784880684
            ],
            [
                0.3625364318200329,
                -0.28220916016952957,
                0.04409174121373316,
                -0.032430430796779985,
                0.057064947701288005
            ]
        ],
        "W2": [
            [
                0.2782834310769888,
                -0.472687812300272,
                -0.13136951840643735,
                0.2439421290184539,
                -0.4895102046533769,
                0.05094219110789153,
                0.4591833179297421,
                -0.06810963996342866,
                0.1482899417128054,
                0.23745323227257162,
                0.2580390997503295,
                0.3354454724483301,
                0.08747826078735527,
                0.10148552543923733,
                0.4430436573700247,
                0.7421463973912612
            ],
            [
                -0.16418091443200672,
                -0.5954295244029489,
                -0.1601859574910354,
                -0.08322667459122478,
                -0.5318585237378329,
                -0.19375714471895056,
                -0.48356927968544,
                0.40194176656509445,
                -0.2560034665078819,
                -0.17222176980237947,
                -0.2525463352712769,
                0.014092769606307343,
                0.17324973008979286,
                -0.29839799432202374,
                -0.4063587456852611,
                1.7472012913171717
            ],
            [
                0.25038325892713714,
                0.23545985966376512,
                -0.16692254703190687,
                0.13979390762807298,
                -0.2843919468057081,
                0.23189231891317696,
                0.021876373865995825,
                0.7162940515170574,
                0.027059467032813745,
                0.3484906292444156,
                0.3308890985375384,
                -0.2941703523661715,
                0.00513686395016758,
                0.2877927147703296,
                -0.3862889599309162,
                1.4460064752541764
            ],
            [
                -0.006658067477313246,
                0.09373755647045025,
                0.11983386007422044,
                -0.17661361600438988,
                -0.29035805804685005,
                -0.5270691121751716,
                -0.3779502323901616,
                1.310913805273196,
                0.0478777166376019,
                -0.6284628795857556,
                -0.4881397344859384,
                0.040995503062368224,
                -0.6018380365507351,
                -0.01204891796957349,
                0.04038784367370987,
                1.4799606943101005
            ],
            [
                0.1820573669406487,
                0.20928695369111258,
                -0.2016432276215494,
                0.2599790201782767,
                0.1492147009218591,
                0.16445115092839915,
                -0.47059063540422125,
                0.2803708412756989,
                0.1840735787213828,
                -0.0777418819817838,
                0.24006378649730403,
                0.08009870271529271,
                0.28347458031921285,
                0.05364360073307049,
                -0.3956566951895757,
                0.8567452360462553
            ]
        ]
    }
}